{
  "heart": {
    "best": "KNN",
    "metrics": {
      "accuracy": 0.7704918032786885,
      "precision": 0.7689393939393939,
      "recall": 0.7689393939393939,
      "f1": 0.7689393939393939,
      "cv_accuracy": 0.8255102040816326
    },
    "best_params": {
      "n_neighbors": 3
    },
    "features": [
      "age",
      "sex",
      "cp",
      "trestbps",
      "chol",
      "fbs",
      "restecg",
      "thalach",
      "exang",
      "oldpeak",
      "slope",
      "ca",
      "thal",
      "age_group_middle",
      "age_group_senior",
      "age_group_elderly"
    ],
    "all_models": {
      "LogReg": {
        "accuracy": 0.8032786885245902,
        "precision": 0.801948051948052,
        "recall": 0.801948051948052,
        "f1": 0.801948051948052,
        "cv_accuracy": 0.833843537414966,
        "confusion_matrix": [
          [
            22,
            6
          ],
          [
            6,
            27
          ]
        ]
      },
      "KNN": {
        "accuracy": 0.819672131147541,
        "precision": 0.818426724137931,
        "recall": 0.8198051948051948,
        "f1": 0.81889338731444,
        "cv_accuracy": 0.8090136054421768,
        "confusion_matrix": [
          [
            23,
            5
          ],
          [
            6,
            27
          ]
        ]
      },
      "DTree": {
        "accuracy": 0.7868852459016393,
        "precision": 0.7876344086021505,
        "recall": 0.7895021645021645,
        "f1": 0.7866559052999731,
        "cv_accuracy": 0.7596938775510205,
        "confusion_matrix": [
          [
            23,
            5
          ],
          [
            8,
            25
          ]
        ]
      },
      "RF": {
        "accuracy": 0.8032786885245902,
        "precision": 0.801948051948052,
        "recall": 0.801948051948052,
        "f1": 0.801948051948052,
        "cv_accuracy": 0.8256802721088435,
        "confusion_matrix": [
          [
            22,
            6
          ],
          [
            6,
            27
          ]
        ]
      },
      "SVM": {
        "accuracy": 0.7868852459016393,
        "precision": 0.7859477124183006,
        "recall": 0.7840909090909092,
        "f1": 0.7848032564450476,
        "cv_accuracy": 0.8171768707482994,
        "confusion_matrix": [
          [
            21,
            7
          ],
          [
            6,
            27
          ]
        ]
      }
    }
  },
  "diabetes": {
    "best": "RF",
    "metrics": {
      "accuracy": 0.7662337662337663,
      "precision": 0.7446933962264151,
      "recall": 0.7305555555555556,
      "f1": 0.7361507709880069,
      "cv_accuracy": 0.7671064907370384
    },
    "best_params": {
      "max_depth": null,
      "n_estimators": 100
    },
    "features": [
      "Pregnancies",
      "Glucose",
      "BloodPressure",
      "SkinThickness",
      "Insulin",
      "BMI",
      "DiabetesPedigreeFunction",
      "Age",
      "BMI_band_normal",
      "BMI_band_over",
      "BMI_band_obese"
    ],
    "all_models": {
      "LogReg": {
        "accuracy": 0.7077922077922078,
        "precision": 0.6761467889908257,
        "recall": 0.6599999999999999,
        "f1": 0.6650717703349283,
        "cv_accuracy": 0.7703585232573638,
        "confusion_matrix": [
          [
            82,
            18
          ],
          [
            27,
            27
          ]
        ]
      },
      "KNN": {
        "accuracy": 0.7402597402597403,
        "precision": 0.721415607985481,
        "recall": 0.6807407407407408,
        "f1": 0.6900161030595813,
        "cv_accuracy": 0.7378381980541115,
        "confusion_matrix": [
          [
            88,
            12
          ],
          [
            28,
            26
          ]
        ]
      },
      "DTree": {
        "accuracy": 0.6948051948051948,
        "precision": 0.6604485219164118,
        "recall": 0.6457407407407407,
        "f1": 0.6501860712387029,
        "cv_accuracy": 0.6841130214580835,
        "confusion_matrix": [
          [
            81,
            19
          ],
          [
            28,
            26
          ]
        ]
      },
      "RF": {
        "accuracy": 0.7597402597402597,
        "precision": 0.736734693877551,
        "recall": 0.7255555555555555,
        "f1": 0.7301444470755387,
        "cv_accuracy": 0.7638544582167134,
        "confusion_matrix": [
          [
            84,
            16
          ],
          [
            21,
            33
          ]
        ]
      },
      "SVM": {
        "accuracy": 0.7467532467532467,
        "precision": 0.7264191668465357,
        "recall": 0.6942592592592592,
        "f1": 0.7031875463306152,
        "cv_accuracy": 0.7655471144875383,
        "confusion_matrix": [
          [
            87,
            13
          ],
          [
            26,
            28
          ]
        ]
      }
    }
  },
  "obesity": {
    "best": "RF",
    "metrics": {
      "accuracy": 0.9497607655502392,
      "precision": 0.9507767594724116,
      "recall": 0.9477095626028466,
      "f1": 0.9484791088401341,
      "cv_accuracy": 0.9406915897933862
    },
    "best_params": {
      "max_depth": null,
      "n_estimators": 200
    },
    "features": [
      "Age",
      "Height",
      "Weight",
      "FCVC",
      "NCP",
      "CH2O",
      "FAF",
      "TUE",
      "Gender_Male",
      "CALC_Frequently",
      "CALC_Sometimes",
      "CALC_no",
      "FAVC_yes",
      "SCC_yes",
      "SMOKE_yes",
      "family_history_with_overweight_yes",
      "CAEC_Frequently",
      "CAEC_Sometimes",
      "CAEC_no",
      "MTRANS_Bike",
      "MTRANS_Motorbike",
      "MTRANS_Public_Transportation",
      "MTRANS_Walking"
    ],
    "all_models": {
      "LogReg": {
        "accuracy": 0.9066985645933014,
        "precision": 0.9030331825088803,
        "recall": 0.9042015930659953,
        "f1": 0.9031952488358276,
        "cv_accuracy": 0.8705813598029166,
        "confusion_matrix": [
          [
            53,
            0,
            0,
            0,
            0,
            0,
            0
          ],
          [
            3,
            47,
            0,
            0,
            0,
            5,
            2
          ],
          [
            0,
            0,
            66,
            2,
            0,
            0,
            2
          ],
          [
            0,
            0,
            1,
            59,
            0,
            0,
            0
          ],
          [
            0,
            0,
            0,
            1,
            64,
            0,
            0
          ],
          [
            0,
            6,
            0,
            0,
            0,
            45,
            4
          ],
          [
            0,
            3,
            5,
            0,
            0,
            5,
            45
          ]
        ]
      },
      "KNN": {
        "accuracy": 0.8110047846889952,
        "precision": 0.7998108097629955,
        "recall": 0.8032267141920749,
        "f1": 0.798161952973044,
        "cv_accuracy": 0.799275323227419,